Workbook

Sheet 📊 Raw Data
A1: 🏪 Superstore Sales Dataset
A2: Row ID | B2: Order ID | C2: Region | D2: Segment | E2: Category | F2: Sub-Category | G2: Sales | H2: Profit | I2: Quantity
A3: 1 | B3: ORD-1001 | C3: East | D3: Home Office | E3: Technology | F3: Accessories | G3: 1262.21 | H3: -46.96 | I3: 4
A4: 2 | B4: ORD-1002 | C4: East | D4: Corporate | E4: Office Supplies | F4: Paper | G4: 197.5 | H4: -0.32 | I4: 17
A5: 3 | B5: ORD-1003 | C5: East | D5: Consumer | E5: Office Supplies | F5: Art | G5: 1141.18 | H5: 188.49 | I5: 1
A6: 4 | B6: ORD-1004 | C6: West | D6: Corporate | E6: Office Supplies | F6: Storage | G6: 1425.46 | H6: -4.43 | I6: 11
A7: 5 | B7: ORD-1005 | C7: East | D7: Corporate | E7: Technology | F7: Phones | G7: 1826.95 | H7: 100.08 | I7: 9
A8: 6 | B8: ORD-1006 | C8: East | D8: Corporate | E8: Office Supplies | F8: Paper | G8: 4866.92 | H8: 342.34 | I8: 18
A9: 7 | B9: ORD-1007 | C9: Central | D9: Home Office | E9: Office Supplies | F9: Storage | G9: 2907.89 | H9: 631.18 | I9: 2
A10: 8 | B10: ORD-1008 | C10: West | D10: Consumer | E10: Furniture | F10: Tables | G10: 4339.09 | H10: 308.32 | I10: 15
A11: 9 | B11: ORD-1009 | C11: Central | D11: Corporate | E11: Technology | F11: Accessories | G11: 1087.06 | H11: 21.89 | I11: 3
A12: 10 | B12: ORD-1010 | C12: West | D12: Home Office | E12: Office Supplies | F12: Binders | G12: 858.84 | H12: 60.77 | I12: 18
A13: 11 | B13: ORD-1011 | C13: West | D13: Corporate | E13: Office Supplies | F13: Paper | G13: 1183.79 | H13: -101.28 | I13: 11
A14: 12 | B14: ORD-1012 | C14: South | D14: Consumer | E14: Furniture | F14: Tables | G14: 4570.02 | H14: 709.41 | I14: 11
... A202: 200 | B202: ORD-1200 | C202: West | D202: Corporate | E202: Office Supplies | F202: Art | G202: 3784.51 | H202: 915.64 | I202: 15

Sheet 📋 Pivot – Sales Summary
A1: 📋 Sales Summary by Region & Category
A2: ℹ️ This pivot table summarises total sales per Region × Category using SUMIF formulas referencing the Raw Data sheet.
A4: Region | B4: Technology | C4: Furniture | D4: Office Supplies | E4: Grand Total
A5: Central | B5: 34994.77 | C5: 43667.24 | D5: 40900.04 | E5: =SUM(B5:D5) -> 119562.05
A6: East | B6: 52096.88 | C6: 42278.45 | D6: 44430.7 | E6: =SUM(B6:D6) -> 138806.03
A7: South | B7: 28018.71 | C7: 52392.02 | D7: 49247.22 | E7: =SUM(B7:D7) -> 129657.95
A8: West | B8: 25734.89 | C8: 56160.54 | D8: 54898.74 | E8: =SUM(B8:D8) -> 136794.17
A9: Grand Total | B9: =SUM(B5:B8) -> 140845.25 | C9: =SUM(C5:C8) -> 194498.25 | D9: =SUM(D5:D8) -> 189476.7 | E9: =SUM(B9:D9) -> 524820.2

Sheet 🔢 SUMIF & COUNTIF
A1: 🔢 SUMIF & COUNTIF Calculations
A3: SECTION A : Total Sales by Region (SUMIF)
A5: Region | B5: Total Sales (SUMIF) | C5: # Orders (COUNTIF) | D5: Avg Sale
A6: East | B6: =SUMIF('📊 Raw Data'!C:C,A6,'📊 Raw Data'!G:G) -> 138806.03 | C6: =COUNTIF('📊 Raw Data'!C:C,A6) -> 55 | D6: =IFERROR(B6/C6,0) -> 2523.746
A7: West | B7: =SUMIF('📊 Raw Data'!C:C,A7,'📊 Raw Data'!G:G) -> 136794.17 | C7: =COUNTIF('📊 Raw Data'!C:C,A7) -> 50 | D7: =IFERROR(B7/C7,0) -> 2735.8834
A8: Central | B8: =SUMIF('📊 Raw Data'!C:C,A8,'📊 Raw Data'!G:G) -> 119562.05 | C8: =COUNTIF('📊 Raw Data'!C:C,A8) -> 50 | D8: =IFERROR(B8/C8,0) -> 2391.241
A9: South | B9: =SUMIF('📊 Raw Data'!C:C,A9,'📊 Raw Data'!G:G) -> 129657.95 | C9: =COUNTIF('📊 Raw Data'!C:C,A9) -> 45 | D9: =IFERROR(B9/C9,0) -> 2881.2878
A10: SECTION B : Total Sales by Category (SUMIF)
A12: Category | B12: Total Sales (SUMIF) | C12: # Orders (COUNTIF) | D12: % of Total Sales
A13: Technology | B13: =SUMIF('📊 Raw Data'!E:E,A13,'📊 Raw Data'!G:G) -> 140845.25 | C13: =COUNTIF('📊 Raw Data'!E:E,A13) -> 54 | D13: =IFERROR(B13/SUM(B13:B15),0) -> 0.26836858
A14: Furniture | B14: =SUMIF('📊 Raw Data'!E:E,A14,'📊 Raw Data'!G:G) -> 194498.25 | C14: =COUNTIF('📊 Raw Data'!E:E,A14) -> 73 | D14: =IFERROR(B14/SUM(B13:B15),0) -> 0.37059978
A15: Office Supplies | B15: =SUMIF('📊 Raw Data'!E:E,A15,'📊 Raw Data'!G:G) -> 189476.7 | C15: =COUNTIF('📊 Raw Data'!E:E,A15) -> 73 | D15: =IFERROR(B15/SUM(B13:B15),0) -> 0.36103164
A18: SECTION C : Total Sales by Segment (SUMIF)
A20: Segment | B20: Total Sales (SUMIF) | C20: # Orders (COUNTIF) | D20: Avg Profit (SUMIF)
A21: Consumer | B21: =SUMIF('📊 Raw Data'!D:D,A21,'📊 Raw Data'!G:G) -> 195518.82 | C21: =COUNTIF('📊 Raw Data'!D:D,A21) -> 76 | D21: =IFERROR(SUMIF('📊 Raw Data'!D:D,A21,'📊 Raw Data'!H:H)/C21,0) -> 345.34132
A22: Corporate | B22: =SUMIF('📊 Raw Data'!D:D,A22,'📊 Raw Data'!G:G) -> 170675.75 | C22: =COUNTIF('📊 Raw Data'!D:D,A22) -> 62 | D22: =IFERROR(SUMIF('📊 Raw Data'!D:D,A22,'📊 Raw Data'!H:H)/C22,0) -> 359.11435
A23: Home Office | B23: =SUMIF('📊 Raw Data'!D:D,A23,'📊 Raw Data'!G:G) -> 158625.63 | C23: =COUNTIF('📊 Raw Data'!D:D,A23) -> 62 | D23: =IFERROR(SUMIF('📊 Raw Data'!D:D,A23,'📊 Raw Data'!H:H)/C23,0) -> 299.41097
